{"cameraMode":{"drawMode":0,"name":"Shaded","section":"Shading Mode"},"sceneLighting":true,"audioPlay":false,"sceneViewState":{"m_AlwaysRefresh":false,"showFog":true,"showSkybox":true,"showFlares":true,"showImageEffects":true,"showParticleSystems":true,"showVisualEffectGraphs":true,"m_FxEnabled":true},"in2DMode":false,"pivot":{"x":26.59444236755371,"y":0.7337357997894287,"z":16.121410369873048},"rotation":{"x":0.08309443295001984,"y":0.6203667521476746,"z":-0.06680793315172196,"w":0.7771795392036438},"size":1.3371315002441407,"orthographic":false}